date,dose_type,N
2020-12-12,,30
2020-12-13,,3
2020-12-14,,7
2020-12-15,,37
2020-12-16,,714
2020-12-17,,1068
2020-12-18,,3694
2020-12-19,,2617
2020-12-20,,2101
2020-12-21,,1571
2020-12-22,,1848
2020-12-23,,2250
2020-12-24,,2173
2020-12-25,,202
2020-12-26,,2906
2020-12-27,,2738
2020-12-28,,3142
2020-12-29,,4485
2020-12-30,,4599
2020-12-31,,3073
2021-01-01,,969
2021-01-02,,3884
2021-01-03,,2633
2021-01-04,,3561
2021-01-05,,3800
2021-01-06,,5553
2021-01-07,,5742
2021-01-08,,7492
2021-01-09,,5825
2021-01-10,,4406
2021-01-11,,5196
2021-01-12,,6324
2021-01-13,,6405
2021-01-14,,7769
2021-01-15,,7693
2021-01-16,,8703
2021-01-17,,4625
2021-01-18,,6578
2021-01-19,,9656
2021-01-20,,11557
2021-01-21,,12087
2021-01-22,,12019
2021-01-23,,11968
2021-01-24,,9578
2021-01-25,,11059
2021-01-26,,14004
2021-01-27,,10416
2021-01-28,,11089
2021-01-29,,12142
2021-01-30,,11745
2021-01-31,,9579
2021-02-01,,8597
2021-02-02,,10439
2021-02-03,,11483
2021-02-04,,11628
2021-02-05,,11005
2021-02-06,,10387
2021-02-07,,4097
2021-02-08,,9974
2021-02-09,,12141
2021-02-10,,13329
2021-02-11,,13908
2021-02-12,,14253
2021-02-13,,3646
2021-02-14,,2474
2021-02-15,,14792
2021-02-16,,14218
2021-02-17,,14608
2021-02-18,,13520
2021-02-19,,11068
2021-02-20,,12748
2021-02-21,,6699
2021-02-22,,5568
2021-02-23,,13313
2021-02-24,,13905
2021-02-25,,17270
2021-02-26,,19535
2021-02-27,,21374
2021-02-28,,11801
2021-03-01,,14092
2021-03-02,,17767
2021-03-03,,19283
2021-03-04,,18312
2021-03-05,,19846
2021-03-06,,21786
2021-03-07,,11972
2021-03-08,,11985
2021-03-09,,17386
2021-03-10,,17795
2021-03-11,,19491
2021-03-12,,19000
2021-03-13,,25122
2021-03-14,,10328
2021-03-15,,13180
2021-03-16,,18355
2021-03-17,,21796
2021-03-18,,21473
2021-03-19,,21916
2021-03-20,,25787
2021-03-21,,13328
2021-03-22,,14418
2021-03-23,,20603
2021-03-24,,26858
2021-03-25,,26837
2021-03-26,,28403
2021-03-27,,30813
2021-03-28,,16922
2021-03-29,,17121
2021-03-30,,24489
2021-03-31,,36133
2021-04-01,,32544
2021-04-02,,33304
2021-04-03,,36244
2021-04-04,,8616
2021-04-05,,23585
2021-04-06,,32125
2021-04-07,,41139
2021-04-08,,31093
2021-04-09,,33251
2021-04-10,,39707
2021-04-11,,13730
2021-04-12,,22121
2021-04-13,,26928
2021-04-14,,30012
2021-04-15,,32671
2021-04-16,,37108
2021-04-17,,38537
2021-04-18,,16806
2021-04-19,,23554
2021-04-20,,29100
2021-04-21,,38833
2021-04-22,,33466
2021-04-23,,33512
2021-04-24,,44062
2021-04-25,,18872
2021-04-26,,24600
2021-04-27,,32277
2021-04-28,,37980
2021-04-29,,29468
2021-04-30,,37004
2021-05-01,,33896
2021-05-02,,10355
2021-05-03,,20822
2021-05-04,,23368
2021-05-05,,25264
2021-05-06,,27819
2021-05-07,,28015
2021-05-08,,30538
2021-05-09,,9610
2021-05-10,,18243
2021-05-11,,23167
2021-05-12,,22900
2021-05-13,,26592
2021-05-14,,31950
2021-05-15,,38930
2021-05-16,,14178
2021-05-17,,24543
2021-05-18,,26284
2021-05-19,,27406
2021-05-20,,24432
2021-05-21,,26645
2021-05-22,,28845
2021-05-23,,6559
2021-05-24,,16877
2021-05-25,,17403
2021-05-26,,17144
2021-05-27,,15951
2021-05-28,,18012
2021-05-29,,9237
2021-05-30,,2885
2021-05-31,,3033
2021-06-01,,12559
2021-06-02,,10039
2021-06-03,,11883
2021-06-04,,15904
2021-06-05,,15459
2021-06-06,,4549
2021-06-07,,10876
2021-06-08,,12010
2021-06-09,,12626
2021-06-10,,11723
2021-06-11,,11215
2021-06-12,,10940
2021-06-13,,4054
2021-06-14,,8970
2021-06-15,,8654
2021-06-16,,7906
2021-06-17,,6503
2021-06-18,,8068
2021-06-19,,4567
2021-06-20,,2093
2021-06-21,,4382
2021-06-22,,5116
2021-06-23,,5034
2021-06-24,,4422
2021-06-25,,6295
2021-06-26,,3425
2021-06-27,,1738
2021-06-28,,3061
2021-06-29,,4336
2021-06-30,,5057
2021-07-01,,4437
2021-07-02,,5262
2021-07-03,,2746
2021-07-04,,462
2021-07-05,,2710
2021-07-06,,4190
2021-07-07,,3840
2021-07-08,,3877
2021-07-09,,4819
2021-07-10,,2870
2021-07-11,,1398
2021-07-12,,3393
2021-07-13,,3350
2021-07-14,,2939
2021-07-15,,3316
2021-07-16,,4033
2021-07-17,,2194
2021-07-18,,1126
2021-07-19,,2960
2021-07-20,,3104
2021-07-21,,3836
2021-07-22,,3573
2021-07-23,,3636
2021-07-24,,2244
2021-07-25,,1206
2021-07-26,,3135
2021-07-27,,3270
2021-07-28,,3143
2021-07-29,,3223
2021-07-30,,3751
2021-07-31,,2526
2021-08-01,,1432
2021-08-02,,3207
2021-08-03,,3649
2021-08-04,,3336
2021-08-05,,3433
2021-08-06,,4029
2021-08-07,,2288
2021-08-08,,1472
2021-08-09,,3714
2021-08-10,,3349
2021-08-11,,3247
2021-08-12,,3356
2021-08-13,,3879
2021-08-14,,2702
2021-08-15,,1752
2021-08-16,,4355
2021-08-17,,4196
2021-08-18,,4145
2021-08-19,,4410
2021-08-20,,4717
2021-08-21,,3081
2021-08-22,,1726
2021-08-23,,4930
2021-08-24,,4503
2021-08-25,,4630
2021-08-26,,4361
2021-08-27,,5231
2021-08-28,,3024
2021-08-29,,1888
2021-08-30,,4681
2021-08-31,,4351
2021-09-01,,3918
2021-09-02,,3899
2021-09-03,,5161
2021-09-04,,2950
2021-09-05,,1954
2021-09-06,,1204
2021-09-07,,4591
2021-09-08,,4298
2021-09-09,,4483
2021-09-10,,5338
2021-09-11,,3230
2021-09-12,,1911
2021-09-13,,5218
2021-09-14,,4073
2021-09-15,,3887
2021-09-16,,3785
2021-09-17,,5281
2021-09-18,,3339
2021-09-19,,1892
2021-09-20,,4377
2021-09-21,,3713
2021-09-22,,3580
2021-09-23,,3613
2021-09-24,,6938
2021-09-25,,5712
2021-09-26,,3129
2021-09-27,,8412
2021-09-28,,9770
2021-09-29,,9183
2021-09-30,,9429
2021-10-01,,10700
2021-10-02,,5631
2021-10-03,,3044
2021-10-04,,8441
2021-10-05,,8234
2021-10-06,,7569
2021-10-07,,7726
2021-10-08,,8719
2021-10-09,,5313
2021-10-10,,2255
2021-10-11,,6911
2021-10-12,,6568
2021-10-13,,6876
2021-10-14,,7155
2021-10-15,,7831
2021-10-16,,4188
2021-10-17,,2150
2021-10-18,,6512
2021-10-19,,6714
2021-10-20,,6246
2021-10-21,,6943
2021-10-22,,9648
2021-10-23,,8263
2021-10-24,,4460
2021-10-25,,10900
2021-10-26,,11863
2021-10-27,,12203
2021-10-28,,12613
2021-10-29,,14571
2021-10-30,,10543
2021-10-31,,4684
2021-11-01,,11515
2021-11-02,,12444
2021-11-03,,11906
2021-11-04,,13356
2021-11-05,,16591
2021-11-06,,15367
2021-11-07,,9877
2021-11-08,,12970
2021-11-09,,15201
2021-11-10,,15668
2021-11-11,,14678
2021-11-12,,17913
2021-11-13,,20841
2021-11-14,,12344
2021-11-15,,12170
2021-11-16,,13499
2021-11-17,,14310
2021-11-18,,13973
2021-11-19,,16582
2021-11-20,,18235
2021-11-21,,9215
2021-11-22,,15062
2021-11-23,,15402
2021-11-24,,13809
2021-11-25,,562
2021-11-26,,11426
2021-11-27,,11689
2021-11-28,,8149
2021-11-29,,15904
2021-11-30,,19639
2021-12-01,,19274
2021-12-02,,19245
2021-12-03,,23317
2021-12-04,,28066
2021-12-05,,17619
2021-12-06,,16782
2021-12-07,,18615
2021-12-08,,17876
2021-12-09,,17671
2021-12-10,,19474
2021-12-11,,23155
2021-12-12,,15668
2021-12-13,,14945
2021-12-14,,18052
2021-12-15,,16848
2021-12-16,,17891
2021-12-17,,20218
2021-12-18,,18284
2021-12-19,,14155
2021-12-20,,18210
2021-12-21,,18313
2021-12-22,,17825
2021-12-23,,14759
2021-12-24,,3587
2021-12-25,,68
2021-12-26,,2299
2021-12-27,,8088
2021-12-28,,11471
2021-12-29,,13132
2021-12-30,,9306
2021-12-31,,4165
2022-01-01,,2088
2022-01-02,,5490
2022-01-03,,10631
2022-01-04,,13013
2022-01-05,,13846
2022-01-06,,13949
2022-01-07,,16978
2022-01-08,,11769
2022-01-09,,7554
2022-01-10,,11949
2022-01-11,,13417
2022-01-12,,11551
2022-01-13,,11755
2022-01-14,,13692
2022-01-15,,10111
2022-01-16,,6430
2022-01-17,,7845
2022-01-18,,10162
2022-01-19,,9455
2022-01-20,,8986
2022-01-21,,10615
2022-01-22,,8836
2022-01-23,,4879
2022-01-24,,7791
2022-01-25,,8121
2022-01-26,,7914
2022-01-27,,7292
2022-01-28,,9171
2022-01-29,,5765
2022-01-30,,3953
2022-01-31,,5871
2022-02-01,,5833
2022-02-02,,5554
2022-02-03,,5462
2022-02-04,,6923
2022-02-05,,4651
2022-02-06,,2715
2022-02-07,,4546
2022-02-08,,4545
2022-02-09,,4746
2022-02-10,,4236
2022-02-11,,5506
2022-02-12,,3785
2022-02-13,,1497
2022-02-14,,3264
2022-02-15,,3524
2022-02-16,,3741
2022-02-17,,3466
2022-02-18,,4925
2022-02-19,,2897
2022-02-20,,1803
2022-02-21,,2673
2022-02-22,,3265
2022-02-23,,2960
2022-02-24,,3071
2022-02-25,,3664
2022-02-26,,2285
2022-02-27,,968
2022-02-28,,2527
2022-03-01,,2303
2022-03-02,,2595
2022-03-03,,2322
2022-03-04,,2874
2022-03-05,,1831
2022-03-06,,798
2022-03-07,,1857
2022-03-08,,1717
2022-03-09,,1785
2022-03-10,,1679
2022-03-11,,2224
2022-03-12,,1611
2022-03-13,,829
2022-03-14,,1601
2022-03-15,,1680
2022-03-16,,1773
2022-03-17,,1538
2022-03-18,,2342
2022-03-19,,1418
2022-03-20,,777
2022-03-21,,1603
2022-03-22,,1531
2022-03-23,,1653
2022-03-24,,1394
2022-03-25,,1924
2022-03-26,,1187
2022-03-27,,641
2022-03-28,,1447
2022-03-29,,1830
2022-03-30,,4375
2022-03-31,,5341
2022-04-01,,6469
2022-04-02,,3571
2022-04-03,,2336
2022-04-04,,5417
2022-04-05,,5424
2022-04-06,,6128
2022-04-07,,5758
2022-04-08,,7055
2022-04-09,,4022
2022-04-10,,2520
2022-04-11,,5665
2022-04-12,,5937
2022-04-13,,6175
2022-04-14,,5770
2022-04-15,,6338
2022-04-16,,2987
2022-04-17,,1055
2022-04-18,,5414
2022-04-19,,5522
2022-04-20,,5767
2022-04-21,,4901
2022-04-22,,5662
2022-04-23,,2468
2022-04-24,,1251
2022-04-25,,4214
2022-04-26,,4448
2022-04-27,,4913
2022-04-28,,4808
2022-04-29,,5622
2022-04-30,,2605
2022-05-01,,1476
2022-05-02,,4191
2022-05-03,,4399
2022-05-04,,4562
2022-05-05,,4369
2022-05-06,,6126
2022-05-07,,2681
2022-05-08,,1123
2022-05-09,,4335
2022-05-10,,4281
2022-05-11,,4476
2022-05-12,,3989
2022-05-13,,5408
2022-05-14,,2734
2022-05-15,,1506
2022-05-16,,4410
2022-05-17,,4011
2022-05-18,,4608
2022-05-19,,3761
2022-05-20,,5410
2022-05-21,,2690
2022-05-22,,1493
2022-05-23,,4913
2022-05-24,,4472
2022-05-25,,4955
2022-05-26,,5116
2022-05-27,,6182
2022-05-28,,2855
2022-05-29,,1583
2022-05-30,,422
2022-05-31,,3777
2022-06-01,,4721
2022-06-02,,3859
2022-06-03,,5186
2022-06-04,,3665
2022-06-05,,5374
2022-06-06,,3838
2022-06-07,,2739
2022-06-08,,3825
2022-06-09,,3334
2022-06-10,,4291
2022-06-11,,3415
2022-06-12,,930
2022-06-13,,3105
2022-06-14,,2898
2022-06-15,,3317
2022-06-16,,2580
2022-06-17,,3405
2022-06-18,,2014
2022-06-19,,771
2022-06-20,,2592
2022-06-21,,2964
2022-06-22,,3669
2022-06-23,,3355
2022-06-24,,4134
2022-06-25,,2817
2022-06-26,,781
2022-06-27,,2949
2022-06-28,,3037
2022-06-29,,3225
2022-06-30,,3190
2022-07-01,,3258
2022-07-02,,1532
2022-07-03,,763
2022-07-04,,98
2022-07-05,,2685
2022-07-06,,2925
2022-07-07,,2705
2022-07-08,,3259
2022-07-09,,1990
2022-07-10,,3496
2022-07-11,,2704
2022-07-12,,2577
2022-07-13,,3007
2022-07-14,,3243
2022-07-15,,3800
2022-07-16,,2424
2022-07-17,,1165
2022-07-18,,3515
2022-07-19,,3195
2022-07-20,,3456
2022-07-21,,3292
2022-07-22,,3451
2022-07-23,,2532
2022-07-24,,860
2022-07-25,,3061
2022-07-26,,2823
2022-07-27,,2963
2022-07-28,,2697
2022-07-29,,3016
2022-07-30,,1585
2022-07-31,,598
2022-08-01,,2304
2022-08-02,,2100
2022-08-03,,2513
2022-08-04,,2490
2022-08-05,,2781
2022-08-06,,1530
2022-08-07,,2906
2022-08-08,,2345
2022-08-09,,2146
2022-08-10,,2518
2022-08-11,,2323
2022-08-12,,2383
2022-08-13,,1279
2022-08-14,,520
2022-08-15,,2194
2022-08-16,,2057
2022-08-17,,2401
2022-08-18,,1909
2022-08-19,,2133
2022-08-20,,1063
2022-08-21,,514
2022-08-22,,2078
2022-08-23,,1914
2022-08-24,,2137
2022-08-25,,1742
2022-08-26,,2000
2022-08-27,,1047
2022-08-28,,448
2022-08-29,,1796
2022-08-30,,1639
2022-08-31,,1997
2022-09-01,2022-2023 vaccine doses,1099
2022-09-02,2022-2023 vaccine doses,1196
2022-09-03,2022-2023 vaccine doses,759
2022-09-04,2022-2023 vaccine doses,204
2022-09-05,2022-2023 vaccine doses,137
2022-09-06,2022-2023 vaccine doses,1943
2022-09-07,2022-2023 vaccine doses,3629
2022-09-08,2022-2023 vaccine doses,4514
2022-09-09,2022-2023 vaccine doses,6856
2022-09-10,2022-2023 vaccine doses,4407
2022-09-11,2022-2023 vaccine doses,2397
2022-09-12,2022-2023 vaccine doses,6622
2022-09-13,2022-2023 vaccine doses,6971
2022-09-14,2022-2023 vaccine doses,7842
2022-09-15,2022-2023 vaccine doses,7716
2022-09-16,2022-2023 vaccine doses,9672
2022-09-17,2022-2023 vaccine doses,7610
2022-09-18,2022-2023 vaccine doses,4267
2022-09-19,2022-2023 vaccine doses,9461
2022-09-20,2022-2023 vaccine doses,8828
2022-09-21,2022-2023 vaccine doses,10232
2022-09-22,2022-2023 vaccine doses,9958
2022-09-23,2022-2023 vaccine doses,11767
2022-09-24,2022-2023 vaccine doses,6015
2022-09-25,2022-2023 vaccine doses,3795
2022-09-26,2022-2023 vaccine doses,9834
2022-09-27,2022-2023 vaccine doses,9653
2022-09-28,2022-2023 vaccine doses,10697
2022-09-29,2022-2023 vaccine doses,9964
2022-09-30,2022-2023 vaccine doses,12739
2022-10-01,2022-2023 vaccine doses,7413
2022-10-02,2022-2023 vaccine doses,3931
2022-10-03,2022-2023 vaccine doses,10418
2022-10-04,2022-2023 vaccine doses,10043
2022-10-05,2022-2023 vaccine doses,10950
2022-10-06,2022-2023 vaccine doses,10680
2022-10-07,2022-2023 vaccine doses,12943
2022-10-08,2022-2023 vaccine doses,7199
2022-10-09,2022-2023 vaccine doses,3834
2022-10-10,2022-2023 vaccine doses,10763
2022-10-11,2022-2023 vaccine doses,10553
2022-10-12,2022-2023 vaccine doses,11581
2022-10-13,2022-2023 vaccine doses,11266
2022-10-14,2022-2023 vaccine doses,13983
2022-10-15,2022-2023 vaccine doses,6815
2022-10-16,2022-2023 vaccine doses,3300
2022-10-17,2022-2023 vaccine doses,10950
2022-10-18,2022-2023 vaccine doses,10942
2022-10-19,2022-2023 vaccine doses,11883
2022-10-20,2022-2023 vaccine doses,11053
2022-10-21,2022-2023 vaccine doses,12920
2022-10-22,2022-2023 vaccine doses,6789
2022-10-23,2022-2023 vaccine doses,4254
2022-10-24,2022-2023 vaccine doses,10423
2022-10-25,2022-2023 vaccine doses,10786
2022-10-26,2022-2023 vaccine doses,11978
2022-10-27,2022-2023 vaccine doses,10688
2022-10-28,2022-2023 vaccine doses,12138
2022-10-29,2022-2023 vaccine doses,5524
2022-10-30,2022-2023 vaccine doses,3006
2022-10-31,2022-2023 vaccine doses,8889
2022-11-01,2022-2023 vaccine doses,9880
2022-11-02,2022-2023 vaccine doses,9628
2022-11-03,2022-2023 vaccine doses,9756
2022-11-04,2022-2023 vaccine doses,11493
2022-11-05,2022-2023 vaccine doses,9766
2022-11-06,2022-2023 vaccine doses,2568
2022-11-07,2022-2023 vaccine doses,8797
2022-11-08,2022-2023 vaccine doses,8696
2022-11-09,2022-2023 vaccine doses,9774
2022-11-10,2022-2023 vaccine doses,9324
2022-11-11,2022-2023 vaccine doses,8965
2022-11-12,2022-2023 vaccine doses,5625
2022-11-13,2022-2023 vaccine doses,2834
2022-11-14,2022-2023 vaccine doses,7361
2022-11-15,2022-2023 vaccine doses,7969
2022-11-16,2022-2023 vaccine doses,7898
2022-11-17,2022-2023 vaccine doses,7294
2022-11-18,2022-2023 vaccine doses,8291
2022-11-19,2022-2023 vaccine doses,5013
2022-11-20,2022-2023 vaccine doses,2730
2022-11-21,2022-2023 vaccine doses,6437
2022-11-22,2022-2023 vaccine doses,6378
2022-11-23,2022-2023 vaccine doses,5670
2022-11-24,2022-2023 vaccine doses,121
2022-11-25,2022-2023 vaccine doses,4572
2022-11-26,2022-2023 vaccine doses,2547
2022-11-27,2022-2023 vaccine doses,1641
2022-11-28,2022-2023 vaccine doses,5320
2022-11-29,2022-2023 vaccine doses,4708
2022-11-30,2022-2023 vaccine doses,5260
2022-12-01,2022-2023 vaccine doses,4713
2022-12-02,2022-2023 vaccine doses,5688
2022-12-03,2022-2023 vaccine doses,2879
2022-12-04,2022-2023 vaccine doses,1461
2022-12-05,2022-2023 vaccine doses,4497
2022-12-06,2022-2023 vaccine doses,4738
2022-12-07,2022-2023 vaccine doses,5251
2022-12-08,2022-2023 vaccine doses,4742
2022-12-09,2022-2023 vaccine doses,5905
2022-12-10,2022-2023 vaccine doses,3003
2022-12-11,2022-2023 vaccine doses,1515
2022-12-12,2022-2023 vaccine doses,4943
2022-12-13,2022-2023 vaccine doses,4454
2022-12-14,2022-2023 vaccine doses,4945
2022-12-15,2022-2023 vaccine doses,4794
2022-12-16,2022-2023 vaccine doses,5268
2022-12-17,2022-2023 vaccine doses,2542
2022-12-18,2022-2023 vaccine doses,1548
2022-12-19,2022-2023 vaccine doses,5010
2022-12-20,2022-2023 vaccine doses,3430
2022-12-21,2022-2023 vaccine doses,3531
2022-12-22,2022-2023 vaccine doses,3568
2022-12-23,2022-2023 vaccine doses,801
2022-12-24,2022-2023 vaccine doses,785
2022-12-25,2022-2023 vaccine doses,22
2022-12-26,2022-2023 vaccine doses,2296
2022-12-27,2022-2023 vaccine doses,3958
2022-12-28,2022-2023 vaccine doses,3625
2022-12-29,2022-2023 vaccine doses,3799
2022-12-30,2022-2023 vaccine doses,3760
2022-12-31,2022-2023 vaccine doses,745
2023-01-01,2022-2023 vaccine doses,239
2023-01-02,2022-2023 vaccine doses,2102
2023-01-03,2022-2023 vaccine doses,2795
2023-01-04,2022-2023 vaccine doses,2861
2023-01-05,2022-2023 vaccine doses,2737
2023-01-06,2022-2023 vaccine doses,3576
2023-01-07,2022-2023 vaccine doses,1975
2023-01-08,2022-2023 vaccine doses,923
2023-01-09,2022-2023 vaccine doses,2919
2023-01-10,2022-2023 vaccine doses,2617
2023-01-11,2022-2023 vaccine doses,2427
2023-01-12,2022-2023 vaccine doses,2463
2023-01-13,2022-2023 vaccine doses,2920
2023-01-14,2022-2023 vaccine doses,1631
2023-01-15,2022-2023 vaccine doses,774
2023-01-16,2022-2023 vaccine doses,1052
2023-01-17,2022-2023 vaccine doses,1910
2023-01-18,2022-2023 vaccine doses,2022
2023-01-19,2022-2023 vaccine doses,1687
2023-01-20,2022-2023 vaccine doses,2123
2023-01-21,2022-2023 vaccine doses,980
2023-01-22,2022-2023 vaccine doses,385
2023-01-23,2022-2023 vaccine doses,1716
2023-01-24,2022-2023 vaccine doses,1423
2023-01-25,2022-2023 vaccine doses,1690
2023-01-26,2022-2023 vaccine doses,1440
2023-01-27,2022-2023 vaccine doses,1649
2023-01-28,2022-2023 vaccine doses,717
2023-01-29,2022-2023 vaccine doses,376
2023-01-30,2022-2023 vaccine doses,1377
2023-01-31,2022-2023 vaccine doses,1302
2023-02-01,2022-2023 vaccine doses,1469
2023-02-02,2022-2023 vaccine doses,1258
2023-02-03,2022-2023 vaccine doses,1681
2023-02-04,2022-2023 vaccine doses,730
2023-02-05,2022-2023 vaccine doses,366
2023-02-06,2022-2023 vaccine doses,1317
2023-02-07,2022-2023 vaccine doses,1238
2023-02-08,2022-2023 vaccine doses,1330
2023-02-09,2022-2023 vaccine doses,1162
2023-02-10,2022-2023 vaccine doses,1519
2023-02-11,2022-2023 vaccine doses,580
2023-02-12,2022-2023 vaccine doses,219
2023-02-13,2022-2023 vaccine doses,1135
2023-02-14,2022-2023 vaccine doses,935
2023-02-15,2022-2023 vaccine doses,1207
2023-02-16,2022-2023 vaccine doses,1070
2023-02-17,2022-2023 vaccine doses,1199
2023-02-18,2022-2023 vaccine doses,473
2023-02-19,2022-2023 vaccine doses,218
2023-02-20,2022-2023 vaccine doses,667
2023-02-21,2022-2023 vaccine doses,899
2023-02-22,2022-2023 vaccine doses,984
2023-02-23,2022-2023 vaccine doses,858
2023-02-24,2022-2023 vaccine doses,1028
2023-02-25,2022-2023 vaccine doses,393
2023-02-26,2022-2023 vaccine doses,221
2023-02-27,2022-2023 vaccine doses,1023
2023-02-28,2022-2023 vaccine doses,1008
2023-03-01,2022-2023 vaccine doses,967
2023-03-02,2022-2023 vaccine doses,886
2023-03-03,2022-2023 vaccine doses,1162
2023-03-04,2022-2023 vaccine doses,435
2023-03-05,2022-2023 vaccine doses,203
2023-03-06,2022-2023 vaccine doses,924
2023-03-07,2022-2023 vaccine doses,844
2023-03-08,2022-2023 vaccine doses,899
2023-03-09,2022-2023 vaccine doses,922
2023-03-10,2022-2023 vaccine doses,1052
2023-03-11,2022-2023 vaccine doses,512
2023-03-12,2022-2023 vaccine doses,210
2023-03-13,2022-2023 vaccine doses,866
2023-03-14,2022-2023 vaccine doses,799
2023-03-15,2022-2023 vaccine doses,856
2023-03-16,2022-2023 vaccine doses,759
2023-03-17,2022-2023 vaccine doses,917
2023-03-18,2022-2023 vaccine doses,316
2023-03-19,2022-2023 vaccine doses,160
2023-03-20,2022-2023 vaccine doses,837
2023-03-21,2022-2023 vaccine doses,803
2023-03-22,2022-2023 vaccine doses,923
2023-03-23,2022-2023 vaccine doses,793
2023-03-24,2022-2023 vaccine doses,940
2023-03-25,2022-2023 vaccine doses,378
2023-03-26,2022-2023 vaccine doses,182
2023-03-27,2022-2023 vaccine doses,857
2023-03-28,2022-2023 vaccine doses,756
2023-03-29,2022-2023 vaccine doses,870
2023-03-30,2022-2023 vaccine doses,767
2023-03-31,2022-2023 vaccine doses,933
2023-04-01,2022-2023 vaccine doses,347
2023-04-02,2022-2023 vaccine doses,190
2023-04-03,2022-2023 vaccine doses,712
2023-04-04,2022-2023 vaccine doses,752
2023-04-05,2022-2023 vaccine doses,778
2023-04-06,2022-2023 vaccine doses,701
2023-04-07,2022-2023 vaccine doses,757
2023-04-08,2022-2023 vaccine doses,272
2023-04-09,2022-2023 vaccine doses,93
2023-04-10,2022-2023 vaccine doses,731
2023-04-11,2022-2023 vaccine doses,726
2023-04-12,2022-2023 vaccine doses,710
2023-04-13,2022-2023 vaccine doses,680
2023-04-14,2022-2023 vaccine doses,754
2023-04-15,2022-2023 vaccine doses,286
2023-04-16,2022-2023 vaccine doses,134
2023-04-17,2022-2023 vaccine doses,736
2023-04-18,2022-2023 vaccine doses,695
2023-04-19,2022-2023 vaccine doses,715
2023-04-20,2022-2023 vaccine doses,1183
2023-04-21,2022-2023 vaccine doses,1560
2023-04-22,2022-2023 vaccine doses,800
2023-04-23,2022-2023 vaccine doses,431
2023-04-24,2022-2023 vaccine doses,1648
2023-04-25,2022-2023 vaccine doses,1493
2023-04-26,2022-2023 vaccine doses,1642
2023-04-27,2022-2023 vaccine doses,1490
2023-04-28,2022-2023 vaccine doses,1607
2023-04-29,2022-2023 vaccine doses,646
2023-04-30,2022-2023 vaccine doses,386
2023-05-01,2022-2023 vaccine doses,1542
2023-05-02,2022-2023 vaccine doses,1775
2023-05-03,2022-2023 vaccine doses,2000
2023-05-04,2022-2023 vaccine doses,1943
2023-05-05,2022-2023 vaccine doses,2155
2023-05-06,2022-2023 vaccine doses,845
2023-05-07,2022-2023 vaccine doses,573
2023-05-08,2022-2023 vaccine doses,1801
2023-05-09,2022-2023 vaccine doses,1937
2023-05-10,2022-2023 vaccine doses,1934
2023-05-11,2022-2023 vaccine doses,1805
2023-05-12,2022-2023 vaccine doses,1626
2023-05-13,2022-2023 vaccine doses,470
2023-05-14,2022-2023 vaccine doses,157
2023-05-15,2022-2023 vaccine doses,1393
2023-05-16,2022-2023 vaccine doses,1359
2023-05-17,2022-2023 vaccine doses,1459
2023-05-18,2022-2023 vaccine doses,1083
2023-05-19,2022-2023 vaccine doses,1357
2023-05-20,2022-2023 vaccine doses,494
2023-05-21,2022-2023 vaccine doses,201
2023-05-22,2022-2023 vaccine doses,1420
2023-05-23,2022-2023 vaccine doses,1385
2023-05-24,2022-2023 vaccine doses,1398
2023-05-25,2022-2023 vaccine doses,1255
2023-05-26,2022-2023 vaccine doses,1426
2023-05-27,2022-2023 vaccine doses,419
2023-05-28,2022-2023 vaccine doses,236
2023-05-29,2022-2023 vaccine doses,122
2023-05-30,2022-2023 vaccine doses,1329
2023-05-31,2022-2023 vaccine doses,1493
2023-06-01,2022-2023 vaccine doses,1194
2023-06-02,2022-2023 vaccine doses,1272
2023-06-03,2022-2023 vaccine doses,512
2023-06-04,2022-2023 vaccine doses,178
2023-06-05,2022-2023 vaccine doses,1167
2023-06-06,2022-2023 vaccine doses,1179
2023-06-07,2022-2023 vaccine doses,1093
2023-06-08,2022-2023 vaccine doses,996
2023-06-09,2022-2023 vaccine doses,1133
2023-06-10,2022-2023 vaccine doses,372
2023-06-11,2022-2023 vaccine doses,219
2023-06-12,2022-2023 vaccine doses,1048
2023-06-13,2022-2023 vaccine doses,1181
2023-06-14,2022-2023 vaccine doses,1144
2023-06-15,2022-2023 vaccine doses,1168
2023-06-16,2022-2023 vaccine doses,1052
2023-06-17,2022-2023 vaccine doses,294
2023-06-18,2022-2023 vaccine doses,174
2023-06-19,2022-2023 vaccine doses,841
2023-06-20,2022-2023 vaccine doses,955
2023-06-21,2022-2023 vaccine doses,928
2023-06-22,2022-2023 vaccine doses,845
2023-06-23,2022-2023 vaccine doses,958
2023-06-24,2022-2023 vaccine doses,265
2023-06-25,2022-2023 vaccine doses,103
2023-06-26,2022-2023 vaccine doses,849
2023-06-27,2022-2023 vaccine doses,864
2023-06-28,2022-2023 vaccine doses,785
2023-06-29,2022-2023 vaccine doses,828
2023-06-30,2022-2023 vaccine doses,953
2023-07-01,2022-2023 vaccine doses,226
2023-07-02,2022-2023 vaccine doses,143
2023-07-03,2022-2023 vaccine doses,655
2023-07-04,2022-2023 vaccine doses,30
2023-07-05,2022-2023 vaccine doses,728
2023-07-06,2022-2023 vaccine doses,736
2023-07-07,2022-2023 vaccine doses,763
2023-07-08,2022-2023 vaccine doses,183
2023-07-09,2022-2023 vaccine doses,142
2023-07-10,2022-2023 vaccine doses,724
2023-07-11,2022-2023 vaccine doses,692
2023-07-12,2022-2023 vaccine doses,717
2023-07-13,2022-2023 vaccine doses,666
2023-07-14,2022-2023 vaccine doses,677
2023-07-15,2022-2023 vaccine doses,207
2023-07-16,2022-2023 vaccine doses,67
2023-07-17,2022-2023 vaccine doses,696
2023-07-18,2022-2023 vaccine doses,696
2023-07-19,2022-2023 vaccine doses,657
2023-07-20,2022-2023 vaccine doses,570
2023-07-21,2022-2023 vaccine doses,633
2023-07-22,2022-2023 vaccine doses,157
2023-07-23,2022-2023 vaccine doses,60
2023-07-24,2022-2023 vaccine doses,694
2023-07-25,2022-2023 vaccine doses,689
2023-07-26,2022-2023 vaccine doses,578
2023-07-27,2022-2023 vaccine doses,630
2023-07-28,2022-2023 vaccine doses,674
2023-07-29,2022-2023 vaccine doses,253
2023-07-30,2022-2023 vaccine doses,87
2023-07-31,2022-2023 vaccine doses,696
2023-08-01,2022-2023 vaccine doses,730
2023-08-02,2022-2023 vaccine doses,626
2023-08-03,2022-2023 vaccine doses,698
2023-08-04,2022-2023 vaccine doses,725
2023-08-05,2022-2023 vaccine doses,229
2023-08-06,2022-2023 vaccine doses,83
2023-08-07,2022-2023 vaccine doses,742
2023-08-08,2022-2023 vaccine doses,785
2023-08-09,2022-2023 vaccine doses,739
2023-08-10,2022-2023 vaccine doses,715
2023-08-11,2022-2023 vaccine doses,732
2023-08-12,2022-2023 vaccine doses,202
2023-08-13,2022-2023 vaccine doses,144
2023-08-14,2022-2023 vaccine doses,749
2023-08-15,2022-2023 vaccine doses,713
2023-08-16,2022-2023 vaccine doses,636
2023-08-17,2022-2023 vaccine doses,614
2023-08-18,2022-2023 vaccine doses,649
2023-08-19,2022-2023 vaccine doses,293
2023-08-20,2022-2023 vaccine doses,144
2023-08-21,2022-2023 vaccine doses,658
2023-08-22,2022-2023 vaccine doses,657
2023-08-23,2022-2023 vaccine doses,610
2023-08-24,2022-2023 vaccine doses,623
2023-08-25,2022-2023 vaccine doses,506
2023-08-26,2022-2023 vaccine doses,168
2023-08-27,2022-2023 vaccine doses,138
2023-08-28,2022-2023 vaccine doses,563
2023-08-29,2022-2023 vaccine doses,642
2023-08-30,2022-2023 vaccine doses,582
2023-08-31,2022-2023 vaccine doses,468
2023-09-01,2023-2024 vaccine doses,627
2023-09-02,2023-2024 vaccine doses,211
2023-09-03,2023-2024 vaccine doses,126
2023-09-04,2023-2024 vaccine doses,38
2023-09-05,2023-2024 vaccine doses,560
2023-09-06,2023-2024 vaccine doses,532
2023-09-07,2023-2024 vaccine doses,515
2023-09-08,2023-2024 vaccine doses,497
2023-09-09,2023-2024 vaccine doses,144
2023-09-10,2023-2024 vaccine doses,91
2023-09-11,2023-2024 vaccine doses,325
2023-09-12,2023-2024 vaccine doses,57
2023-09-13,2023-2024 vaccine doses,38
2023-09-14,2023-2024 vaccine doses,29
2023-09-15,2023-2024 vaccine doses,70
2023-09-16,2023-2024 vaccine doses,176
2023-09-17,2023-2024 vaccine doses,134
2023-09-18,2023-2024 vaccine doses,1275
2023-09-19,2023-2024 vaccine doses,1365
2023-09-20,2023-2024 vaccine doses,1665
2023-09-21,2023-2024 vaccine doses,2488
2023-09-22,2023-2024 vaccine doses,3139
2023-09-23,2023-2024 vaccine doses,3211
2023-09-24,2023-2024 vaccine doses,2392
2023-09-25,2023-2024 vaccine doses,4807
2023-09-26,2023-2024 vaccine doses,5182
2023-09-27,2023-2024 vaccine doses,5433
2023-09-28,2023-2024 vaccine doses,6763
2023-09-29,2023-2024 vaccine doses,7320
2023-09-30,2023-2024 vaccine doses,5251
2023-10-01,2023-2024 vaccine doses,3492
2023-10-02,2023-2024 vaccine doses,8373
2023-10-03,2023-2024 vaccine doses,9223
2023-10-04,2023-2024 vaccine doses,9866
2023-10-05,2023-2024 vaccine doses,10111
2023-10-06,2023-2024 vaccine doses,10407
2023-10-07,2023-2024 vaccine doses,6436
2023-10-08,2023-2024 vaccine doses,4071
2023-10-09,2023-2024 vaccine doses,10389
2023-10-10,2023-2024 vaccine doses,10360
2023-10-11,2023-2024 vaccine doses,9993
2023-10-12,2023-2024 vaccine doses,10838
2023-10-13,2023-2024 vaccine doses,12462
2023-10-14,2023-2024 vaccine doses,6260
2023-10-15,2023-2024 vaccine doses,6740
2023-10-16,2023-2024 vaccine doses,10687
2023-10-17,2023-2024 vaccine doses,10070
2023-10-18,2023-2024 vaccine doses,10644
2023-10-19,2023-2024 vaccine doses,10249
2023-10-20,2023-2024 vaccine doses,10651
2023-10-21,2023-2024 vaccine doses,7212
2023-10-22,2023-2024 vaccine doses,3008
2023-10-23,2023-2024 vaccine doses,9993
2023-10-24,2023-2024 vaccine doses,9831
2023-10-25,2023-2024 vaccine doses,10338
2023-10-26,2023-2024 vaccine doses,9946
2023-10-27,2023-2024 vaccine doses,10616
2023-10-28,2023-2024 vaccine doses,7616
2023-10-29,2023-2024 vaccine doses,3121
2023-10-30,2023-2024 vaccine doses,8579
2023-10-31,2023-2024 vaccine doses,7395
2023-11-01,2023-2024 vaccine doses,9287
2023-11-02,2023-2024 vaccine doses,9064
2023-11-03,2023-2024 vaccine doses,8973
2023-11-04,2023-2024 vaccine doses,5436
2023-11-05,2023-2024 vaccine doses,3079
2023-11-06,2023-2024 vaccine doses,7780
2023-11-07,2023-2024 vaccine doses,7373
2023-11-08,2023-2024 vaccine doses,8011
2023-11-09,2023-2024 vaccine doses,8183
2023-11-10,2023-2024 vaccine doses,8298
2023-11-11,2023-2024 vaccine doses,3830
2023-11-12,2023-2024 vaccine doses,2069
2023-11-13,2023-2024 vaccine doses,6677
2023-11-14,2023-2024 vaccine doses,6835
2023-11-15,2023-2024 vaccine doses,6756
2023-11-16,2023-2024 vaccine doses,6368
2023-11-17,2023-2024 vaccine doses,7524
2023-11-18,2023-2024 vaccine doses,3624
2023-11-19,2023-2024 vaccine doses,1861
2023-11-20,2023-2024 vaccine doses,5923
2023-11-21,2023-2024 vaccine doses,5966
2023-11-22,2023-2024 vaccine doses,4967
2023-11-23,2023-2024 vaccine doses,36
2023-11-24,2023-2024 vaccine doses,4119
2023-11-25,2023-2024 vaccine doses,2157
2023-11-26,2023-2024 vaccine doses,1287
2023-11-27,2023-2024 vaccine doses,4309
2023-11-28,2023-2024 vaccine doses,4497
2023-11-29,2023-2024 vaccine doses,4623
2023-11-30,2023-2024 vaccine doses,4420
2023-12-01,2023-2024 vaccine doses,5142
2023-12-02,2023-2024 vaccine doses,2965
2023-12-03,2023-2024 vaccine doses,1353
2023-12-04,2023-2024 vaccine doses,4078
2023-12-05,2023-2024 vaccine doses,3533
2023-12-06,2023-2024 vaccine doses,3936
2023-12-07,2023-2024 vaccine doses,3591
2023-12-08,2023-2024 vaccine doses,4288
2023-12-09,2023-2024 vaccine doses,1574
2023-12-10,2023-2024 vaccine doses,1132
2023-12-11,2023-2024 vaccine doses,3697
2023-12-12,2023-2024 vaccine doses,3153
2023-12-13,2023-2024 vaccine doses,3152
2023-12-14,2023-2024 vaccine doses,2992
2023-12-15,2023-2024 vaccine doses,3644
2023-12-16,2023-2024 vaccine doses,1939
2023-12-17,2023-2024 vaccine doses,979
2023-12-18,2023-2024 vaccine doses,3198
2023-12-19,2023-2024 vaccine doses,3295
2023-12-20,2023-2024 vaccine doses,3205
2023-12-21,2023-2024 vaccine doses,2943
2023-12-22,2023-2024 vaccine doses,2782
2023-12-23,2023-2024 vaccine doses,945
2023-12-24,2023-2024 vaccine doses,250
2023-12-25,2023-2024 vaccine doses,11
2023-12-26,2023-2024 vaccine doses,2324
2023-12-27,2023-2024 vaccine doses,2612
2023-12-28,2023-2024 vaccine doses,2638
2023-12-29,2023-2024 vaccine doses,2891
2023-12-30,2023-2024 vaccine doses,1100
2023-12-31,2023-2024 vaccine doses,268
2024-01-01,2023-2024 vaccine doses,166
2024-01-02,2023-2024 vaccine doses,2294
2024-01-03,2023-2024 vaccine doses,2542
2024-01-04,2023-2024 vaccine doses,2732
2024-01-05,2023-2024 vaccine doses,3383
2024-01-06,2023-2024 vaccine doses,1491
2024-01-07,2023-2024 vaccine doses,717
2024-01-08,2023-2024 vaccine doses,2196
2024-01-09,2023-2024 vaccine doses,2250
2024-01-10,2023-2024 vaccine doses,2200
2024-01-11,2023-2024 vaccine doses,2086
2024-01-12,2023-2024 vaccine doses,2304
2024-01-13,2023-2024 vaccine doses,1126
2024-01-14,2023-2024 vaccine doses,584
2024-01-15,2023-2024 vaccine doses,927
2024-01-16,2023-2024 vaccine doses,1770
2024-01-17,2023-2024 vaccine doses,1521
2024-01-18,2023-2024 vaccine doses,1567
2024-01-19,2023-2024 vaccine doses,1915
2024-01-20,2023-2024 vaccine doses,785
2024-01-21,2023-2024 vaccine doses,360
2024-01-22,2023-2024 vaccine doses,1525
2024-01-23,2023-2024 vaccine doses,1402
2024-01-24,2023-2024 vaccine doses,1424
2024-01-25,2023-2024 vaccine doses,1419
2024-01-26,2023-2024 vaccine doses,1620
2024-01-27,2023-2024 vaccine doses,615
2024-01-28,2023-2024 vaccine doses,298
2024-01-29,2023-2024 vaccine doses,1337
2024-01-30,2023-2024 vaccine doses,1333
2024-01-31,2023-2024 vaccine doses,1281
2024-02-01,2023-2024 vaccine doses,1350
2024-02-02,2023-2024 vaccine doses,1533
2024-02-03,2023-2024 vaccine doses,511
2024-02-04,2023-2024 vaccine doses,269
2024-02-05,2023-2024 vaccine doses,1178
2024-02-06,2023-2024 vaccine doses,1157
2024-02-07,2023-2024 vaccine doses,1210
2024-02-08,2023-2024 vaccine doses,1035
2024-02-09,2023-2024 vaccine doses,1288
2024-02-10,2023-2024 vaccine doses,350
2024-02-11,2023-2024 vaccine doses,194
2024-02-12,2023-2024 vaccine doses,990
2024-02-13,2023-2024 vaccine doses,1047
2024-02-14,2023-2024 vaccine doses,985
2024-02-15,2023-2024 vaccine doses,1002
2024-02-16,2023-2024 vaccine doses,1132
2024-02-17,2023-2024 vaccine doses,372
2024-02-18,2023-2024 vaccine doses,213
2024-02-19,2023-2024 vaccine doses,613
2024-02-20,2023-2024 vaccine doses,890
2024-02-21,2023-2024 vaccine doses,778
2024-02-22,2023-2024 vaccine doses,751
2024-02-23,2023-2024 vaccine doses,925
2024-02-24,2023-2024 vaccine doses,252
2024-02-25,2023-2024 vaccine doses,120
2024-02-26,2023-2024 vaccine doses,842
2024-02-27,2023-2024 vaccine doses,895
2024-02-28,2023-2024 vaccine doses,845
2024-02-29,2023-2024 vaccine doses,991
2024-03-01,2023-2024 vaccine doses,1147
2024-03-02,2023-2024 vaccine doses,440
2024-03-03,2023-2024 vaccine doses,196
2024-03-04,2023-2024 vaccine doses,1135
2024-03-05,2023-2024 vaccine doses,1095
2024-03-06,2023-2024 vaccine doses,1053
2024-03-07,2023-2024 vaccine doses,1195
2024-03-08,2023-2024 vaccine doses,1228
2024-03-09,2023-2024 vaccine doses,416
2024-03-10,2023-2024 vaccine doses,239
2024-03-11,2023-2024 vaccine doses,1436
2024-03-12,2023-2024 vaccine doses,1344
2024-03-13,2023-2024 vaccine doses,1323
2024-03-14,2023-2024 vaccine doses,1303
2024-03-15,2023-2024 vaccine doses,1405
2024-03-16,2023-2024 vaccine doses,390
2024-03-17,2023-2024 vaccine doses,201
2024-03-18,2023-2024 vaccine doses,1203
2024-03-19,2023-2024 vaccine doses,1215
2024-03-20,2023-2024 vaccine doses,1407
2024-03-21,2023-2024 vaccine doses,1266
2024-03-22,2023-2024 vaccine doses,1455
2024-03-23,2023-2024 vaccine doses,505
2024-03-24,2023-2024 vaccine doses,248
2024-03-25,2023-2024 vaccine doses,1382
2024-03-26,2023-2024 vaccine doses,1350
2024-03-27,2023-2024 vaccine doses,1294
2024-03-28,2023-2024 vaccine doses,1318
2024-03-29,2023-2024 vaccine doses,1356
2024-03-30,2023-2024 vaccine doses,373
2024-03-31,2023-2024 vaccine doses,115
2024-04-01,2023-2024 vaccine doses,1181
2024-04-02,2023-2024 vaccine doses,1141
2024-04-03,2023-2024 vaccine doses,1195
2024-04-04,2023-2024 vaccine doses,1112
2024-04-05,2023-2024 vaccine doses,1271
2024-04-06,2023-2024 vaccine doses,350
2024-04-07,2023-2024 vaccine doses,163
2024-04-08,2023-2024 vaccine doses,1118
2024-04-09,2023-2024 vaccine doses,1040
2024-04-10,2023-2024 vaccine doses,1087
2024-04-11,2023-2024 vaccine doses,1090
2024-04-12,2023-2024 vaccine doses,1083
2024-04-13,2023-2024 vaccine doses,333
2024-04-14,2023-2024 vaccine doses,225
2024-04-15,2023-2024 vaccine doses,1322
2024-04-16,2023-2024 vaccine doses,1029
2024-04-17,2023-2024 vaccine doses,996
2024-04-18,2023-2024 vaccine doses,1218
2024-04-19,2023-2024 vaccine doses,982
2024-04-20,2023-2024 vaccine doses,390
2024-04-21,2023-2024 vaccine doses,164
2024-04-22,2023-2024 vaccine doses,984
2024-04-23,2023-2024 vaccine doses,1220
2024-04-24,2023-2024 vaccine doses,910
2024-04-25,2023-2024 vaccine doses,935
2024-04-26,2023-2024 vaccine doses,1141
2024-04-27,2023-2024 vaccine doses,272
2024-04-28,2023-2024 vaccine doses,121
2024-04-29,2023-2024 vaccine doses,894
2024-04-30,2023-2024 vaccine doses,913
2024-05-01,2023-2024 vaccine doses,812
2024-05-02,2023-2024 vaccine doses,811
2024-05-03,2023-2024 vaccine doses,876
2024-05-04,2023-2024 vaccine doses,256
2024-05-05,2023-2024 vaccine doses,121
2024-05-06,2023-2024 vaccine doses,864
2024-05-07,2023-2024 vaccine doses,863
2024-05-08,2023-2024 vaccine doses,856
2024-05-09,2023-2024 vaccine doses,789
2024-05-10,2023-2024 vaccine doses,744
2024-05-11,2023-2024 vaccine doses,297
2024-05-12,2023-2024 vaccine doses,142
2024-05-13,2023-2024 vaccine doses,853
2024-05-14,2023-2024 vaccine doses,874
2024-05-15,2023-2024 vaccine doses,795
2024-05-16,2023-2024 vaccine doses,804
2024-05-17,2023-2024 vaccine doses,870
2024-05-18,2023-2024 vaccine doses,340
2024-05-19,2023-2024 vaccine doses,216
2024-05-20,2023-2024 vaccine doses,824
2024-05-21,2023-2024 vaccine doses,827
2024-05-22,2023-2024 vaccine doses,815
2024-05-23,2023-2024 vaccine doses,709
2024-05-24,2023-2024 vaccine doses,773
2024-05-25,2023-2024 vaccine doses,297
2024-05-26,2023-2024 vaccine doses,126
2024-05-27,2023-2024 vaccine doses,84
2024-05-28,2023-2024 vaccine doses,816
2024-05-29,2023-2024 vaccine doses,748
2024-05-30,2023-2024 vaccine doses,731
2024-05-31,2023-2024 vaccine doses,754
2024-06-01,2023-2024 vaccine doses,269
2024-06-02,2023-2024 vaccine doses,152
2024-06-03,2023-2024 vaccine doses,641
2024-06-04,2023-2024 vaccine doses,718
2024-06-05,2023-2024 vaccine doses,688
2024-06-06,2023-2024 vaccine doses,666
2024-06-07,2023-2024 vaccine doses,657
2024-06-08,2023-2024 vaccine doses,207
2024-06-09,2023-2024 vaccine doses,104
2024-06-10,2023-2024 vaccine doses,613
2024-06-11,2023-2024 vaccine doses,674
2024-06-12,2023-2024 vaccine doses,617
2024-06-13,2023-2024 vaccine doses,690
2024-06-14,2023-2024 vaccine doses,655
2024-06-15,2023-2024 vaccine doses,240
2024-06-16,2023-2024 vaccine doses,112
2024-06-17,2023-2024 vaccine doses,716
2024-06-18,2023-2024 vaccine doses,743
2024-06-19,2023-2024 vaccine doses,618
2024-06-20,2023-2024 vaccine doses,724
2024-06-21,2023-2024 vaccine doses,714
2024-06-22,2023-2024 vaccine doses,276
2024-06-23,2023-2024 vaccine doses,149
2024-06-24,2023-2024 vaccine doses,705
2024-06-25,2023-2024 vaccine doses,640
2024-06-26,2023-2024 vaccine doses,639
2024-06-27,2023-2024 vaccine doses,666
2024-06-28,2023-2024 vaccine doses,694
2024-06-29,2023-2024 vaccine doses,211
2024-06-30,2023-2024 vaccine doses,149
2024-07-01,2023-2024 vaccine doses,623
2024-07-02,2023-2024 vaccine doses,671
2024-07-03,2023-2024 vaccine doses,631
2024-07-04,2023-2024 vaccine doses,25
2024-07-05,2023-2024 vaccine doses,579
2024-07-06,2023-2024 vaccine doses,184
2024-07-07,2023-2024 vaccine doses,96
2024-07-08,2023-2024 vaccine doses,559
2024-07-09,2023-2024 vaccine doses,515
2024-07-10,2023-2024 vaccine doses,512
2024-07-11,2023-2024 vaccine doses,521
2024-07-12,2023-2024 vaccine doses,578
2024-07-13,2023-2024 vaccine doses,195
2024-07-14,2023-2024 vaccine doses,91
2024-07-15,2023-2024 vaccine doses,507
2024-07-16,2023-2024 vaccine doses,474
2024-07-17,2023-2024 vaccine doses,518
2024-07-18,2023-2024 vaccine doses,583
2024-07-19,2023-2024 vaccine doses,642
2024-07-20,2023-2024 vaccine doses,247
2024-07-21,2023-2024 vaccine doses,103
2024-07-22,2023-2024 vaccine doses,499
2024-07-23,2023-2024 vaccine doses,449
2024-07-24,2023-2024 vaccine doses,396
2024-07-25,2023-2024 vaccine doses,405
2024-07-26,2023-2024 vaccine doses,417
2024-07-27,2023-2024 vaccine doses,151
2024-07-28,2023-2024 vaccine doses,79
2024-07-29,2023-2024 vaccine doses,328
2024-07-30,2023-2024 vaccine doses,339
2024-07-31,2023-2024 vaccine doses,293
2024-08-01,2023-2024 vaccine doses,288
2024-08-02,2023-2024 vaccine doses,262
2024-08-03,2023-2024 vaccine doses,70
2024-08-04,2023-2024 vaccine doses,48
2024-08-05,2023-2024 vaccine doses,187
2024-08-06,2023-2024 vaccine doses,215
2024-08-07,2023-2024 vaccine doses,185
2024-08-08,2023-2024 vaccine doses,173
2024-08-09,2023-2024 vaccine doses,217
2024-08-10,2023-2024 vaccine doses,70
2024-08-11,2023-2024 vaccine doses,60
2024-08-12,2023-2024 vaccine doses,205
2024-08-13,2023-2024 vaccine doses,152
2024-08-14,2023-2024 vaccine doses,142
2024-08-15,2023-2024 vaccine doses,125
2024-08-16,2023-2024 vaccine doses,127
2024-08-17,2023-2024 vaccine doses,49
2024-08-18,2023-2024 vaccine doses,20
2024-08-19,2023-2024 vaccine doses,85
2024-08-20,2023-2024 vaccine doses,76
2024-08-21,2023-2024 vaccine doses,75
2024-08-22,2023-2024 vaccine doses,84
2024-08-23,2023-2024 vaccine doses,65
2024-08-24,2023-2024 vaccine doses,13
2024-08-25,2023-2024 vaccine doses,15
2024-08-26,2023-2024 vaccine doses,114
2024-08-27,2023-2024 vaccine doses,743
2024-08-28,2023-2024 vaccine doses,1797
2024-08-29,2023-2024 vaccine doses,2647
2024-08-30,2023-2024 vaccine doses,3433
2024-08-31,2023-2024 vaccine doses,2349
2024-09-01,2024-2025 vaccine doses,2217
2024-09-02,2024-2025 vaccine doses,1103
2024-09-03,2024-2025 vaccine doses,4700
2024-09-04,2024-2025 vaccine doses,4778
2024-09-05,2024-2025 vaccine doses,4574
2024-09-06,2024-2025 vaccine doses,6187
2024-09-07,2024-2025 vaccine doses,3430
2024-09-08,2024-2025 vaccine doses,2215
2024-09-09,2024-2025 vaccine doses,6077
2024-09-10,2024-2025 vaccine doses,5933
2024-09-11,2024-2025 vaccine doses,5794
2024-09-12,2024-2025 vaccine doses,6157
2024-09-13,2024-2025 vaccine doses,7381
2024-09-14,2024-2025 vaccine doses,4206
2024-09-15,2024-2025 vaccine doses,2429
2024-09-16,2024-2025 vaccine doses,7129
2024-09-17,2024-2025 vaccine doses,7202
2024-09-18,2024-2025 vaccine doses,7094
2024-09-19,2024-2025 vaccine doses,6782
2024-09-20,2024-2025 vaccine doses,8721
2024-09-21,2024-2025 vaccine doses,5293
2024-09-22,2024-2025 vaccine doses,2829
2024-09-23,2024-2025 vaccine doses,8025
2024-09-24,2024-2025 vaccine doses,7918
2024-09-25,2024-2025 vaccine doses,8263
2024-09-26,2024-2025 vaccine doses,8440
2024-09-27,2024-2025 vaccine doses,9582
2024-09-28,2024-2025 vaccine doses,6927
2024-09-29,2024-2025 vaccine doses,3207
2024-09-30,2024-2025 vaccine doses,8618
2024-10-01,2024-2025 vaccine doses,8948
2024-10-02,2024-2025 vaccine doses,9118
2024-10-03,2024-2025 vaccine doses,9472
2024-10-04,2024-2025 vaccine doses,11264
2024-10-05,2024-2025 vaccine doses,6172
2024-10-06,2024-2025 vaccine doses,3349
2024-10-07,2024-2025 vaccine doses,9273
2024-10-08,2024-2025 vaccine doses,9249
2024-10-09,2024-2025 vaccine doses,8380
2024-10-10,2024-2025 vaccine doses,8823
2024-10-11,2024-2025 vaccine doses,10567
2024-10-12,2024-2025 vaccine doses,7822
2024-10-13,2024-2025 vaccine doses,3676
2024-10-14,2024-2025 vaccine doses,8297
2024-10-15,2024-2025 vaccine doses,8280
2024-10-16,2024-2025 vaccine doses,8201
2024-10-17,2024-2025 vaccine doses,8245
2024-10-18,2024-2025 vaccine doses,10237
2024-10-19,2024-2025 vaccine doses,8108
2024-10-20,2024-2025 vaccine doses,2391
2024-10-21,2024-2025 vaccine doses,7419
2024-10-22,2024-2025 vaccine doses,7526
2024-10-23,2024-2025 vaccine doses,6968
2024-10-24,2024-2025 vaccine doses,6857
2024-10-25,2024-2025 vaccine doses,8380
2024-10-26,2024-2025 vaccine doses,5035
2024-10-27,2024-2025 vaccine doses,2389
2024-10-28,2024-2025 vaccine doses,6373
2024-10-29,2024-2025 vaccine doses,6065
2024-10-30,2024-2025 vaccine doses,5564
2024-10-31,2024-2025 vaccine doses,4530
2024-11-01,2024-2025 vaccine doses,7212
2024-11-02,2024-2025 vaccine doses,4028
2024-11-03,2024-2025 vaccine doses,2142
2024-11-04,2024-2025 vaccine doses,5209
2024-11-05,2024-2025 vaccine doses,4561
2024-11-06,2024-2025 vaccine doses,4968
2024-11-07,2024-2025 vaccine doses,4653
2024-11-08,2024-2025 vaccine doses,5827
2024-11-09,2024-2025 vaccine doses,3502
2024-11-10,2024-2025 vaccine doses,1882
2024-11-11,2024-2025 vaccine doses,4297
2024-11-12,2024-2025 vaccine doses,4058
2024-11-13,2024-2025 vaccine doses,4168
2024-11-14,2024-2025 vaccine doses,3943
2024-11-15,2024-2025 vaccine doses,5147
2024-11-16,2024-2025 vaccine doses,2648
2024-11-17,2024-2025 vaccine doses,1115
2024-11-18,2024-2025 vaccine doses,4008
2024-11-19,2024-2025 vaccine doses,3592
2024-11-20,2024-2025 vaccine doses,2431
2024-11-21,2024-2025 vaccine doses,2616
2024-11-22,2024-2025 vaccine doses,3434
2024-11-23,2024-2025 vaccine doses,1761
2024-11-24,2024-2025 vaccine doses,772
2024-11-25,2024-2025 vaccine doses,3148
2024-11-26,2024-2025 vaccine doses,2662
2024-11-27,2024-2025 vaccine doses,2424
2024-11-28,2024-2025 vaccine doses,15
2024-11-29,2024-2025 vaccine doses,2157
2024-11-30,2024-2025 vaccine doses,1076
2024-12-01,2024-2025 vaccine doses,597
2024-12-02,2024-2025 vaccine doses,2577
2024-12-03,2024-2025 vaccine doses,2541
2024-12-04,2024-2025 vaccine doses,2562
2024-12-05,2024-2025 vaccine doses,2367
2024-12-06,2024-2025 vaccine doses,2814
2024-12-07,2024-2025 vaccine doses,1259
2024-12-08,2024-2025 vaccine doses,636
2024-12-09,2024-2025 vaccine doses,2402
2024-12-10,2024-2025 vaccine doses,2224
2024-12-11,2024-2025 vaccine doses,2293
2024-12-12,2024-2025 vaccine doses,2119
2024-12-13,2024-2025 vaccine doses,2452
2024-12-14,2024-2025 vaccine doses,1056
2024-12-15,2024-2025 vaccine doses,524
2024-12-16,2024-2025 vaccine doses,2327
2024-12-17,2024-2025 vaccine doses,1977
2024-12-18,2024-2025 vaccine doses,1976
2024-12-19,2024-2025 vaccine doses,1910
2024-12-20,2024-2025 vaccine doses,2013
2024-12-21,2024-2025 vaccine doses,746
2024-12-22,2024-2025 vaccine doses,301
2024-12-23,2024-2025 vaccine doses,1611
2024-12-24,2024-2025 vaccine doses,666
2024-12-25,2024-2025 vaccine doses,7
2024-12-26,2024-2025 vaccine doses,1173
2024-12-27,2024-2025 vaccine doses,1535
2024-12-28,2024-2025 vaccine doses,541
2024-12-29,2024-2025 vaccine doses,309
2024-12-30,2024-2025 vaccine doses,1603
2024-12-31,2024-2025 vaccine doses,1001
2025-01-01,2024-2025 vaccine doses,104
2025-01-02,2024-2025 vaccine doses,1603
2025-01-03,2024-2025 vaccine doses,1816
2025-01-04,2024-2025 vaccine doses,676
2025-01-05,2024-2025 vaccine doses,358
2025-01-06,2024-2025 vaccine doses,1519
2025-01-07,2024-2025 vaccine doses,1447
2025-01-08,2024-2025 vaccine doses,1525
2025-01-09,2024-2025 vaccine doses,1408
2025-01-10,2024-2025 vaccine doses,1770
2025-01-11,2024-2025 vaccine doses,590
2025-01-12,2024-2025 vaccine doses,268
2025-01-13,2024-2025 vaccine doses,1349
2025-01-14,2024-2025 vaccine doses,1326
2025-01-15,2024-2025 vaccine doses,1385
2025-01-16,2024-2025 vaccine doses,1206
2025-01-17,2024-2025 vaccine doses,1506
2025-01-18,2024-2025 vaccine doses,456
2025-01-19,2024-2025 vaccine doses,264
2025-01-20,2024-2025 vaccine doses,595
2025-01-21,2024-2025 vaccine doses,1065
2025-01-22,2024-2025 vaccine doses,1179
2025-01-23,2024-2025 vaccine doses,1133
2025-01-24,2024-2025 vaccine doses,1245
2025-01-25,2024-2025 vaccine doses,365
2025-01-26,2024-2025 vaccine doses,160
2025-01-27,2024-2025 vaccine doses,1113
2025-01-28,2024-2025 vaccine doses,1070
2025-01-29,2024-2025 vaccine doses,1091
2025-01-30,2024-2025 vaccine doses,1071
2025-01-31,2024-2025 vaccine doses,1104
2025-02-01,2024-2025 vaccine doses,358
2025-02-02,2024-2025 vaccine doses,138
2025-02-03,2024-2025 vaccine doses,907
2025-02-04,2024-2025 vaccine doses,983
2025-02-05,2024-2025 vaccine doses,810
2025-02-06,2024-2025 vaccine doses,819
2025-02-07,2024-2025 vaccine doses,1093
2025-02-08,2024-2025 vaccine doses,321
2025-02-09,2024-2025 vaccine doses,155
2025-02-10,2024-2025 vaccine doses,1048
2025-02-11,2024-2025 vaccine doses,989
2025-02-12,2024-2025 vaccine doses,963
2025-02-13,2024-2025 vaccine doses,1002
2025-02-14,2024-2025 vaccine doses,977
2025-02-15,2024-2025 vaccine doses,352
2025-02-16,2024-2025 vaccine doses,156
2025-02-17,2024-2025 vaccine doses,684
2025-02-18,2024-2025 vaccine doses,908
2025-02-19,2024-2025 vaccine doses,898
2025-02-20,2024-2025 vaccine doses,825
2025-02-21,2024-2025 vaccine doses,944
2025-02-22,2024-2025 vaccine doses,310
2025-02-23,2024-2025 vaccine doses,138
2025-02-24,2024-2025 vaccine doses,941
2025-02-25,2024-2025 vaccine doses,875
2025-02-26,2024-2025 vaccine doses,883
2025-02-27,2024-2025 vaccine doses,866
2025-02-28,2024-2025 vaccine doses,984
2025-03-01,2024-2025 vaccine doses,296
2025-03-02,2024-2025 vaccine doses,152
2025-03-03,2024-2025 vaccine doses,1017
2025-03-04,2024-2025 vaccine doses,922
2025-03-05,2024-2025 vaccine doses,883
2025-03-06,2024-2025 vaccine doses,916
2025-03-07,2024-2025 vaccine doses,1016
2025-03-08,2024-2025 vaccine doses,271
2025-03-09,2024-2025 vaccine doses,126
2025-03-10,2024-2025 vaccine doses,980
2025-03-11,2024-2025 vaccine doses,970
2025-03-12,2024-2025 vaccine doses,987
2025-03-13,2024-2025 vaccine doses,980
2025-03-14,2024-2025 vaccine doses,1084
2025-03-15,2024-2025 vaccine doses,318
2025-03-16,2024-2025 vaccine doses,141
2025-03-17,2024-2025 vaccine doses,1101
2025-03-18,2024-2025 vaccine doses,1009
2025-03-19,2024-2025 vaccine doses,1044
2025-03-20,2024-2025 vaccine doses,1036
2025-03-21,2024-2025 vaccine doses,1125
2025-03-22,2024-2025 vaccine doses,282
2025-03-23,2024-2025 vaccine doses,180
2025-03-24,2024-2025 vaccine doses,1036
2025-03-25,2024-2025 vaccine doses,1044
2025-03-26,2024-2025 vaccine doses,944
2025-03-27,2024-2025 vaccine doses,1045
2025-03-28,2024-2025 vaccine doses,1254
2025-03-29,2024-2025 vaccine doses,322
2025-03-30,2024-2025 vaccine doses,153
2025-03-31,2024-2025 vaccine doses,1063
2025-04-01,2024-2025 vaccine doses,1049
2025-04-02,2024-2025 vaccine doses,1067
2025-04-03,2024-2025 vaccine doses,1137
2025-04-04,2024-2025 vaccine doses,1103
2025-04-05,2024-2025 vaccine doses,304
2025-04-06,2024-2025 vaccine doses,164
2025-04-07,2024-2025 vaccine doses,1027
2025-04-08,2024-2025 vaccine doses,1172
2025-04-09,2024-2025 vaccine doses,1013
2025-04-10,2024-2025 vaccine doses,974
2025-04-11,2024-2025 vaccine doses,1303
2025-04-12,2024-2025 vaccine doses,272
2025-04-13,2024-2025 vaccine doses,142
2025-04-14,2024-2025 vaccine doses,1140
2025-04-15,2024-2025 vaccine doses,1077
2025-04-16,2024-2025 vaccine doses,1110
2025-04-17,2024-2025 vaccine doses,976
2025-04-18,2024-2025 vaccine doses,964
2025-04-19,2024-2025 vaccine doses,274
2025-04-20,2024-2025 vaccine doses,77
2025-04-21,2024-2025 vaccine doses,1038
2025-04-22,2024-2025 vaccine doses,980
2025-04-23,2024-2025 vaccine doses,904
2025-04-24,2024-2025 vaccine doses,964
2025-04-25,2024-2025 vaccine doses,1022
2025-04-26,2024-2025 vaccine doses,275
2025-04-27,2024-2025 vaccine doses,146
2025-04-28,2024-2025 vaccine doses,1080
2025-04-29,2024-2025 vaccine doses,1016
2025-04-30,2024-2025 vaccine doses,952
2025-05-01,2024-2025 vaccine doses,1015
2025-05-02,2024-2025 vaccine doses,947
2025-05-03,2024-2025 vaccine doses,276
2025-05-04,2024-2025 vaccine doses,143
2025-05-05,2024-2025 vaccine doses,902
2025-05-06,2024-2025 vaccine doses,841
2025-05-07,2024-2025 vaccine doses,947
2025-05-08,2024-2025 vaccine doses,824
2025-05-09,2024-2025 vaccine doses,793
2025-05-10,2024-2025 vaccine doses,186
2025-05-11,2024-2025 vaccine doses,83
2025-05-12,2024-2025 vaccine doses,714
2025-05-13,2024-2025 vaccine doses,722
2025-05-14,2024-2025 vaccine doses,699
2025-05-15,2024-2025 vaccine doses,755
2025-05-16,2024-2025 vaccine doses,767
2025-05-17,2024-2025 vaccine doses,208
2025-05-18,2024-2025 vaccine doses,135
2025-05-19,2024-2025 vaccine doses,729
2025-05-20,2024-2025 vaccine doses,847
2025-05-21,2024-2025 vaccine doses,830
2025-05-22,2024-2025 vaccine doses,809
2025-05-23,2024-2025 vaccine doses,870
2025-05-24,2024-2025 vaccine doses,198
2025-05-25,2024-2025 vaccine doses,153
2025-05-26,2024-2025 vaccine doses,143
2025-05-27,2024-2025 vaccine doses,1027
2025-05-28,2024-2025 vaccine doses,789
2025-05-29,2024-2025 vaccine doses,936
2025-05-30,2024-2025 vaccine doses,884
2025-05-31,2024-2025 vaccine doses,253
2025-06-01,2024-2025 vaccine doses,136
2025-06-02,2024-2025 vaccine doses,770
2025-06-03,2024-2025 vaccine doses,780
2025-06-04,2024-2025 vaccine doses,777
2025-06-05,2024-2025 vaccine doses,768
2025-06-06,2024-2025 vaccine doses,751
2025-06-07,2024-2025 vaccine doses,192
2025-06-08,2024-2025 vaccine doses,118
2025-06-09,2024-2025 vaccine doses,774
2025-06-10,2024-2025 vaccine doses,733
2025-06-11,2024-2025 vaccine doses,709
2025-06-12,2024-2025 vaccine doses,654
2025-06-13,2024-2025 vaccine doses,655
2025-06-14,2024-2025 vaccine doses,163
2025-06-15,2024-2025 vaccine doses,97
2025-06-16,2024-2025 vaccine doses,711
2025-06-17,2024-2025 vaccine doses,720
2025-06-18,2024-2025 vaccine doses,656
2025-06-19,2024-2025 vaccine doses,603
2025-06-20,2024-2025 vaccine doses,707
2025-06-21,2024-2025 vaccine doses,227
2025-06-22,2024-2025 vaccine doses,114
2025-06-23,2024-2025 vaccine doses,671
2025-06-24,2024-2025 vaccine doses,574
2025-06-25,2024-2025 vaccine doses,608
2025-06-26,2024-2025 vaccine doses,545
2025-06-27,2024-2025 vaccine doses,578
2025-06-28,2024-2025 vaccine doses,129
2025-06-29,2024-2025 vaccine doses,99
2025-06-30,2024-2025 vaccine doses,581
2025-07-01,2024-2025 vaccine doses,565
2025-07-02,2024-2025 vaccine doses,526
2025-07-03,2024-2025 vaccine doses,485
2025-07-04,2024-2025 vaccine doses,46
2025-07-05,2024-2025 vaccine doses,133
2025-07-06,2024-2025 vaccine doses,65
2025-07-07,2024-2025 vaccine doses,538
2025-07-08,2024-2025 vaccine doses,489
2025-07-09,2024-2025 vaccine doses,458
2025-07-10,2024-2025 vaccine doses,472
2025-07-11,2024-2025 vaccine doses,505
2025-07-12,2024-2025 vaccine doses,98
2025-07-13,2024-2025 vaccine doses,62
2025-07-14,2024-2025 vaccine doses,545
2025-07-15,2024-2025 vaccine doses,438
2025-07-16,2024-2025 vaccine doses,422
2025-07-17,2024-2025 vaccine doses,399
2025-07-18,2024-2025 vaccine doses,419
2025-07-19,2024-2025 vaccine doses,82
2025-07-20,2024-2025 vaccine doses,64
2025-07-21,2024-2025 vaccine doses,442
2025-07-22,2024-2025 vaccine doses,424
2025-07-23,2024-2025 vaccine doses,443
2025-07-24,2024-2025 vaccine doses,394
2025-07-25,2024-2025 vaccine doses,407
2025-07-26,2024-2025 vaccine doses,128
2025-07-27,2024-2025 vaccine doses,59
2025-07-28,2024-2025 vaccine doses,432
2025-07-29,2024-2025 vaccine doses,402
2025-07-30,2024-2025 vaccine doses,396
2025-07-31,2024-2025 vaccine doses,343
2025-08-01,2024-2025 vaccine doses,420
2025-08-02,2024-2025 vaccine doses,84
2025-08-03,2024-2025 vaccine doses,44
2025-08-04,2024-2025 vaccine doses,435
2025-08-05,2024-2025 vaccine doses,418
2025-08-06,2024-2025 vaccine doses,364
2025-08-07,2024-2025 vaccine doses,345
2025-08-08,2024-2025 vaccine doses,345
2025-08-09,2024-2025 vaccine doses,135
2025-08-10,2024-2025 vaccine doses,65
2025-08-11,2024-2025 vaccine doses,343
2025-08-12,2024-2025 vaccine doses,292
2025-08-13,2024-2025 vaccine doses,353
2025-08-14,2024-2025 vaccine doses,334
2025-08-15,2024-2025 vaccine doses,339
2025-08-16,2024-2025 vaccine doses,157
2025-08-17,2024-2025 vaccine doses,85
2025-08-18,2024-2025 vaccine doses,372
2025-08-19,2024-2025 vaccine doses,321
2025-08-20,2024-2025 vaccine doses,327
2025-08-21,2024-2025 vaccine doses,336
2025-08-22,2024-2025 vaccine doses,259
2025-08-23,2024-2025 vaccine doses,48
2025-08-24,2024-2025 vaccine doses,36
2025-08-25,2024-2025 vaccine doses,267
2025-08-26,2024-2025 vaccine doses,213
2025-08-27,2024-2025 vaccine doses,222
2025-08-28,2024-2025 vaccine doses,131
2025-08-29,2024-2025 vaccine doses,146
2025-08-30,2024-2025 vaccine doses,35
2025-08-31,2024-2025 vaccine doses,26
2025-09-01,2025-2026 vaccine doses,139
2025-09-02,2025-2026 vaccine doses,200
2025-09-03,2025-2026 vaccine doses,804
2025-09-04,2025-2026 vaccine doses,3087
2025-09-05,2025-2026 vaccine doses,4721
2025-09-06,2025-2026 vaccine doses,3267
2025-09-07,2025-2026 vaccine doses,2316
2025-09-08,2025-2026 vaccine doses,4395
2025-09-09,2025-2026 vaccine doses,3995
2025-09-10,2025-2026 vaccine doses,3993
2025-09-11,2025-2026 vaccine doses,4248
2025-09-12,2025-2026 vaccine doses,5790
2025-09-13,2025-2026 vaccine doses,3371
2025-09-14,2025-2026 vaccine doses,2108
2025-09-15,2025-2026 vaccine doses,6449
2025-09-16,2025-2026 vaccine doses,5776
2025-09-17,2025-2026 vaccine doses,6364
2025-09-18,2025-2026 vaccine doses,6587
2025-09-19,2025-2026 vaccine doses,7818
2025-09-20,2025-2026 vaccine doses,3562
2025-09-21,2025-2026 vaccine doses,3509
2025-09-22,2025-2026 vaccine doses,6908
2025-09-23,2025-2026 vaccine doses,6172
2025-09-24,2025-2026 vaccine doses,5437
2025-09-25,2025-2026 vaccine doses,6225
2025-09-26,2025-2026 vaccine doses,7657
2025-09-27,2025-2026 vaccine doses,3801
2025-09-28,2025-2026 vaccine doses,2833
2025-09-29,2025-2026 vaccine doses,7160
2025-09-30,2025-2026 vaccine doses,7041
2025-10-01,2025-2026 vaccine doses,7415
2025-10-02,2025-2026 vaccine doses,7502
2025-10-03,2025-2026 vaccine doses,9586
2025-10-04,2025-2026 vaccine doses,7626
2025-10-05,2025-2026 vaccine doses,2849
2025-10-06,2025-2026 vaccine doses,7417
2025-10-07,2025-2026 vaccine doses,7297
2025-10-08,2025-2026 vaccine doses,6874
2025-10-09,2025-2026 vaccine doses,7770
2025-10-10,2025-2026 vaccine doses,9531
2025-10-11,2025-2026 vaccine doses,7759
2025-10-12,2025-2026 vaccine doses,2710
2025-10-13,2025-2026 vaccine doses,7499
2025-10-14,2025-2026 vaccine doses,7259
2025-10-15,2025-2026 vaccine doses,7383
2025-10-16,2025-2026 vaccine doses,6921
2025-10-17,2025-2026 vaccine doses,8569
2025-10-18,2025-2026 vaccine doses,4023
2025-10-19,2025-2026 vaccine doses,2365
2025-10-20,2025-2026 vaccine doses,6779
2025-10-21,2025-2026 vaccine doses,6321
2025-10-22,2025-2026 vaccine doses,6237
2025-10-23,2025-2026 vaccine doses,6129
2025-10-24,2025-2026 vaccine doses,7526
2025-10-25,2025-2026 vaccine doses,3854
2025-10-26,2025-2026 vaccine doses,2272
2025-10-27,2025-2026 vaccine doses,5503
2025-10-28,2025-2026 vaccine doses,6142
2025-10-29,2025-2026 vaccine doses,5255
2025-10-30,2025-2026 vaccine doses,5366
2025-10-31,2025-2026 vaccine doses,5242
2025-11-01,2025-2026 vaccine doses,3527
2025-11-02,2025-2026 vaccine doses,1881
2025-11-03,2025-2026 vaccine doses,4680
2025-11-04,2025-2026 vaccine doses,4729
2025-11-05,2025-2026 vaccine doses,4490
2025-11-06,2025-2026 vaccine doses,4533
2025-11-07,2025-2026 vaccine doses,5739
2025-11-08,2025-2026 vaccine doses,2841
2025-11-09,2025-2026 vaccine doses,1421
2025-11-10,2025-2026 vaccine doses,4219
2025-11-11,2025-2026 vaccine doses,3962
2025-11-12,2025-2026 vaccine doses,3607
2025-11-13,2025-2026 vaccine doses,3746
2025-11-14,2025-2026 vaccine doses,4667
2025-11-15,2025-2026 vaccine doses,2825
2025-11-16,2025-2026 vaccine doses,1334
2025-11-17,2025-2026 vaccine doses,3379
2025-11-18,2025-2026 vaccine doses,3309
2025-11-19,2025-2026 vaccine doses,3296
2025-11-20,2025-2026 vaccine doses,3274
2025-11-21,2025-2026 vaccine doses,3933
2025-11-22,2025-2026 vaccine doses,1828
2025-11-23,2025-2026 vaccine doses,887
2025-11-24,2025-2026 vaccine doses,3166
2025-11-25,2025-2026 vaccine doses,2722
2025-11-26,2025-2026 vaccine doses,2264
2025-11-27,2025-2026 vaccine doses,29
2025-11-28,2025-2026 vaccine doses,1881
2025-11-29,2025-2026 vaccine doses,914
2025-11-30,2025-2026 vaccine doses,508
2025-12-01,2025-2026 vaccine doses,2385
2025-12-02,2025-2026 vaccine doses,2205
2025-12-03,2025-2026 vaccine doses,2153
2025-12-04,2025-2026 vaccine doses,2173
2025-12-05,2025-2026 vaccine doses,2727
2025-12-06,2025-2026 vaccine doses,1096
2025-12-07,2025-2026 vaccine doses,496
2025-12-08,2025-2026 vaccine doses,2187
2025-12-09,2025-2026 vaccine doses,2090
2025-12-10,2025-2026 vaccine doses,1941
2025-12-11,2025-2026 vaccine doses,1973
2025-12-12,2025-2026 vaccine doses,2259
2025-12-13,2025-2026 vaccine doses,875
2025-12-14,2025-2026 vaccine doses,494
2025-12-15,2025-2026 vaccine doses,2108
2025-12-16,2025-2026 vaccine doses,1946
2025-12-17,2025-2026 vaccine doses,1762
2025-12-18,2025-2026 vaccine doses,1823
2025-12-19,2025-2026 vaccine doses,1873
2025-12-20,2025-2026 vaccine doses,743
2025-12-21,2025-2026 vaccine doses,393
2025-12-22,2025-2026 vaccine doses,1721
2025-12-23,2025-2026 vaccine doses,1424
2025-12-24,2025-2026 vaccine doses,629
2025-12-25,2025-2026 vaccine doses,9
2025-12-26,2025-2026 vaccine doses,1159
2025-12-27,2025-2026 vaccine doses,452
2025-12-28,2025-2026 vaccine doses,239
2025-12-29,2025-2026 vaccine doses,1600
2025-12-30,2025-2026 vaccine doses,1601
2025-12-31,2025-2026 vaccine doses,1218
2026-01-01,2025-2026 vaccine doses,131
2026-01-02,2025-2026 vaccine doses,1709
2026-01-03,2025-2026 vaccine doses,502
2026-01-04,2025-2026 vaccine doses,301
2026-01-05,2025-2026 vaccine doses,1479
2026-01-06,2025-2026 vaccine doses,1587
2026-01-07,2025-2026 vaccine doses,1541
2026-01-08,2025-2026 vaccine doses,1524
2026-01-09,2025-2026 vaccine doses,1754
2026-01-10,2025-2026 vaccine doses,628
2026-01-11,2025-2026 vaccine doses,319
2026-01-12,2025-2026 vaccine doses,1416
2026-01-13,2025-2026 vaccine doses,1306
2026-01-14,2025-2026 vaccine doses,1268
2026-01-15,2025-2026 vaccine doses,1236
2026-01-16,2025-2026 vaccine doses,1367
2026-01-17,2025-2026 vaccine doses,372
2026-01-18,2025-2026 vaccine doses,217
2026-01-19,2025-2026 vaccine doses,573
2026-01-20,2025-2026 vaccine doses,1075
2026-01-21,2025-2026 vaccine doses,950
2026-01-22,2025-2026 vaccine doses,1079
2026-01-23,2025-2026 vaccine doses,1176
2026-01-24,2025-2026 vaccine doses,305
2026-01-25,2025-2026 vaccine doses,131
2026-01-26,2025-2026 vaccine doses,1039
2026-01-27,2025-2026 vaccine doses,975
2026-01-28,2025-2026 vaccine doses,880
2026-01-29,2025-2026 vaccine doses,858
2026-01-30,2025-2026 vaccine doses,1052
2026-01-31,2025-2026 vaccine doses,246
2026-02-01,2025-2026 vaccine doses,97
2026-02-02,2025-2026 vaccine doses,942
2026-02-03,2025-2026 vaccine doses,901
2026-02-04,2025-2026 vaccine doses,827
2026-02-05,2025-2026 vaccine doses,781
2026-02-06,2025-2026 vaccine doses,878
2026-02-07,2025-2026 vaccine doses,200
2026-02-08,2025-2026 vaccine doses,59
2026-02-09,2025-2026 vaccine doses,784
2026-02-10,2025-2026 vaccine doses,765
2026-02-11,2025-2026 vaccine doses,681
2026-02-12,2025-2026 vaccine doses,648
2026-02-13,2025-2026 vaccine doses,725
2026-02-14,2025-2026 vaccine doses,130
2026-02-15,2025-2026 vaccine doses,58
2026-02-16,2025-2026 vaccine doses,399
2026-02-17,2025-2026 vaccine doses,640
2026-02-18,2025-2026 vaccine doses,606
2026-02-19,2025-2026 vaccine doses,596
2026-02-20,2025-2026 vaccine doses,612
2026-02-21,2025-2026 vaccine doses,127
2026-02-22,2025-2026 vaccine doses,61
2026-02-23,2025-2026 vaccine doses,664
2026-02-24,2025-2026 vaccine doses,757
2026-02-25,2025-2026 vaccine doses,733
2026-02-26,2025-2026 vaccine doses,685
2026-02-27,2025-2026 vaccine doses,723
2026-02-28,2025-2026 vaccine doses,157